<?xml version="1.0" encoding="UTF-8" ?>
<XMLDB PATH="mod/scormremote/db" VERSION="20220902" COMMENT="XMLDB file for Moodle mod_scormremote"
    xmlns:xsi="http://www.w3.org/2001/XMLSchema-instance"
    xsi:noNamespaceSchemaLocation="../../../lib/xmldb/xmldb.xsd"
>
  <TABLES>
    <TABLE NAME="scormremote" COMMENT="Stores the scormremote activity module instances.">
      <FIELDS>
        <FIELD NAME="id" TYPE="int" LENGTH="10" NOTNULL="true" SEQUENCE="true"/>
        <FIELD NAME="course" TYPE="int" LENGTH="10" NOTNULL="true" SEQUENCE="false" COMMENT="ID of the course this activity is part of."/>
        <FIELD NAME="name" TYPE="char" LENGTH="255" NOTNULL="true" SEQUENCE="false" COMMENT="The name of the activity module instance"/>
        <FIELD NAME="reference" TYPE="char" LENGTH="255" NOTNULL="false" SEQUENCE="false" COMMENT="The filename of the .zip/.xml that was uploaded."/>
        <FIELD NAME="sha1hash" TYPE="char" LENGTH="40" NOTNULL="false" SEQUENCE="false" COMMENT="package content or ext path hash"/>
        <FIELD NAME="pathtoken" TYPE="char" LENGTH="40" NOTNULL="false" SEQUENCE="false" COMMENT="Token used in the file path"/>
        <FIELD NAME="intro" TYPE="text" NOTNULL="false" SEQUENCE="false" COMMENT="Activity description."/>
        <FIELD NAME="introformat" TYPE="int" LENGTH="4" NOTNULL="true" DEFAULT="0" SEQUENCE="false" COMMENT="The format of the intro field."/>
        <FIELD NAME="timecreated" TYPE="int" LENGTH="10" NOTNULL="true" DEFAULT="0" SEQUENCE="false" COMMENT="Timestamp of when the instance was added to the course."/>
        <FIELD NAME="timemodified" TYPE="int" LENGTH="10" NOTNULL="true" DEFAULT="0" SEQUENCE="false" COMMENT="Timestamp of when the instance was last modified."/>
      </FIELDS>
      <KEYS>
        <KEY NAME="primary" TYPE="primary" FIELDS="id"/>
        <KEY NAME="fk_course" TYPE="foreign" FIELDS="course" REFTABLE="course" REFFIELDS="id"/>
      </KEYS>
    </TABLE>
    <TABLE NAME="scormremote_clients" COMMENT="Storage for configured clients, clients at a system level.">
      <FIELDS>
        <FIELD NAME="id" TYPE="int" LENGTH="10" NOTNULL="true" SEQUENCE="true"/>
        <FIELD NAME="name" TYPE="char" LENGTH="100" NOTNULL="true" SEQUENCE="false" COMMENT="The name of the client."/>
        <FIELD NAME="primarydomain" TYPE="char" LENGTH="255" NOTNULL="false" SEQUENCE="false" COMMENT="The primary domain of the client."/>
        <FIELD NAME="expiry" TYPE="int" LENGTH="10" NOTNULL="true" DEFAULT="0" SEQUENCE="false"/>
        <FIELD NAME="usermodified" TYPE="int" LENGTH="10" NOTNULL="true" SEQUENCE="false"/>
        <FIELD NAME="timecreated" TYPE="int" LENGTH="10" NOTNULL="true" SEQUENCE="false"/>
        <FIELD NAME="timemodified" TYPE="int" LENGTH="10" NOTNULL="true" SEQUENCE="false"/>
      </FIELDS>
      <KEYS>
        <KEY NAME="primary" TYPE="primary" FIELDS="id"/>
      </KEYS>
    </TABLE>
    <TABLE NAME="scormremote_client_domains" COMMENT="This is where client domains are stored.">
      <FIELDS>
        <FIELD NAME="id" TYPE="int" LENGTH="10" NOTNULL="true" SEQUENCE="true"/>
        <FIELD NAME="clientid" TYPE="int" LENGTH="10" NOTNULL="true" SEQUENCE="false" COMMENT="The client id to which this domain is linked."/>
        <FIELD NAME="domain" TYPE="char" LENGTH="255" NOTNULL="true" SEQUENCE="false" COMMENT="The domain."/>
        <FIELD NAME="usermodified" TYPE="int" LENGTH="10" NOTNULL="true" SEQUENCE="false"/>
        <FIELD NAME="timecreated" TYPE="int" LENGTH="10" NOTNULL="true" SEQUENCE="false"/>
        <FIELD NAME="timemodified" TYPE="int" LENGTH="10" NOTNULL="true" SEQUENCE="false"/>
      </FIELDS>
      <KEYS>
        <KEY NAME="primary" TYPE="primary" FIELDS="id"/>
      </KEYS>
      <INDEXES>
        <INDEX NAME="client_domain" UNIQUE="false" FIELDS="domain"/>
      </INDEXES>
    </TABLE>
    <TABLE NAME="scormremote_tiers" COMMENT="Holds information about seats and is linked to subscriptions and courses.">
      <FIELDS>
        <FIELD NAME="id" TYPE="int" LENGTH="10" NOTNULL="true" SEQUENCE="true"/>
        <FIELD NAME="name" TYPE="char" LENGTH="100" NOTNULL="true" SEQUENCE="false" COMMENT="The name of the tier"/>
        <FIELD NAME="description" TYPE="text" NOTNULL="false" SEQUENCE="false"/>
        <FIELD NAME="seats" TYPE="int" LENGTH="20" NOTNULL="true" DEFAULT="0" SEQUENCE="false" COMMENT="The maximum allowable seats."/>
        <FIELD NAME="usermodified" TYPE="int" LENGTH="10" NOTNULL="true" SEQUENCE="false"/>
        <FIELD NAME="timecreated" TYPE="int" LENGTH="10" NOTNULL="true" SEQUENCE="false"/>
        <FIELD NAME="timemodified" TYPE="int" LENGTH="10" NOTNULL="true" SEQUENCE="false"/>
      </FIELDS>
      <KEYS>
        <KEY NAME="primary" TYPE="primary" FIELDS="id"/>
      </KEYS>
    </TABLE>
    <TABLE NAME="scormremote_subscriptions" COMMENT="The couples clients to tiers and can contains additional information.">
      <FIELDS>
        <FIELD NAME="id" TYPE="int" LENGTH="10" NOTNULL="true" SEQUENCE="true"/>
        <FIELD NAME="clientid" TYPE="int" LENGTH="10" NOTNULL="true" SEQUENCE="false"/>
        <FIELD NAME="tierid" TYPE="int" LENGTH="10" NOTNULL="true" SEQUENCE="false"/>
        <FIELD NAME="usermodified" TYPE="int" LENGTH="10" NOTNULL="true" SEQUENCE="false"/>
        <FIELD NAME="timecreated" TYPE="int" LENGTH="10" NOTNULL="true" SEQUENCE="false"/>
        <FIELD NAME="timemodified" TYPE="int" LENGTH="10" NOTNULL="true" SEQUENCE="false"/>
      </FIELDS>
      <KEYS>
        <KEY NAME="primary" TYPE="primary" FIELDS="id"/>
        <KEY NAME="foreign_subscription_to_clientid" TYPE="foreign" FIELDS="clientid" REFTABLE="scormremote_clients" REFFIELDS="id"/>
        <KEY NAME="foreign_subscription_to_tierid" TYPE="foreign" FIELDS="tierid" REFTABLE="scormremote_tiers" REFFIELDS="id"/>
        <KEY NAME="unique_subscription_client_to_tier" TYPE="unique" FIELDS="clientid, tierid"/>
      </KEYS>
    </TABLE>
    <TABLE NAME="scormremote_course_tiers" COMMENT="Couples course to tiers.">
      <FIELDS>
        <FIELD NAME="id" TYPE="int" LENGTH="10" NOTNULL="true" SEQUENCE="true"/>
        <FIELD NAME="courseid" TYPE="int" LENGTH="10" NOTNULL="true" SEQUENCE="false"/>
        <FIELD NAME="tierid" TYPE="int" LENGTH="10" NOTNULL="true" SEQUENCE="false"/>
        <FIELD NAME="usermodified" TYPE="int" LENGTH="10" NOTNULL="true" SEQUENCE="false"/>
        <FIELD NAME="timecreated" TYPE="int" LENGTH="10" NOTNULL="true" SEQUENCE="false"/>
        <FIELD NAME="timemodified" TYPE="int" LENGTH="10" NOTNULL="true" SEQUENCE="false"/>
      </FIELDS>
      <KEYS>
        <KEY NAME="primary" TYPE="primary" FIELDS="id"/>
        <KEY NAME="foreign_course_tiers_to_courseid" TYPE="foreign" FIELDS="courseid" REFTABLE="course" REFFIELDS="id"/>
        <KEY NAME="foreign_course_tiers_to_tierid" TYPE="foreign" FIELDS="tierid" REFTABLE="scormremote_tiers" REFFIELDS="id"/>
        <KEY NAME="unique_course_tiers_course_to_tier" TYPE="unique" FIELDS="courseid, tierid"/>
      </KEYS>
    </TABLE>
  </TABLES>
</XMLDB>
